charging_policy,count,mean,median,std
3.6C(80%)-3.6C,3,1182.0,1179.0,7.0
4.4C(80%)-4.4C,1,1074.0,1074.0,
4.8C(80%)-4.8C,2,753.0,753.0,165.46298679765212
4C(80%)-4C,2,1226.5,1226.5,0.7071067811865476
5.4C(40%)-3.6C,1,1054.0,1054.0,
5.4C(50%)-3C,1,788.0,788.0,
5.4C(60%)-3.6C,2,859.5,859.5,3.5355339059327378
5.4C(60%)-3C,2,799.5,799.5,113.84419177103415
5.4C(70%)-3C,2,739.5,739.5,68.58935777509511
5.4C(80%)-5.4C,2,546.5,546.5,17.67766952966369
6C(30%)-3.6C,1,1014.0,1014.0,
6C(40%)-3.6C,2,856.0,856.0,19.79898987322333
6C(40%)-3C,2,935.5,935.5,115.25840533340725
6C(50%)-3.6C,2,792.5,792.5,118.08683245815344
6C(50%)-3C,2,888.5,888.5,40.30508652763321
6C(60%)-3C,2,744.0,744.0,18.384776310850235
7C(30%)-3.6C,2,722.5,722.5,27.577164466275352
7C(40%)-3.6C,2,621.0,621.0,5.656854249492381
7C(40%)-3C,2,676.0,676.0,39.59797974644666
8C(15%)-3.6C,2,1008.5,1008.5,60.10407640085654
8C(25%)-3.6C,2,676.5,676.5,36.062445840513924
8C(35%)-3.6C,2,607.5,607.5,12.020815280171307
