batch,x,y,n,pearson,spearman
Batch1,qd_slope_10_100,cycle_life,41,0.09869705447180224,0.46650405264569145
Batch1,log_dq_var,cycle_life,41,-0.8858470823514537,-0.8797804720203246
Batch1,first_c_rate,cycle_life,41,-0.5765820622214868,-0.48589924982392546
Batch1,first_c_rate,qd_slope_10_100,41,0.1634360656097681,-0.26451172911126564
Batch1,first_c_rate,log_dq_var,41,0.6624585693271204,0.5123970066783947
Batch2,qd_slope_10_100,cycle_life,34,-0.48904951486969556,-0.16687041759625293
Batch2,log_dq_var,cycle_life,34,-0.9095651426810998,-0.7085880278331731
Batch2,first_c_rate,cycle_life,34,0.13846740266162358,-0.05546331752415813
Batch2,first_c_rate,qd_slope_10_100,34,0.22623070794388445,0.021993422044227044
Batch2,first_c_rate,log_dq_var,34,-0.15235378157950374,-0.024978243607372146
Batch3,qd_slope_10_100,cycle_life,40,0.3532569628677233,0.1627732439849408
Batch3,log_dq_var,cycle_life,40,-0.7416614991152237,-0.7586077526583466
Batch3,first_c_rate,cycle_life,40,-0.03916700553787952,-0.16337364719625583
Batch3,first_c_rate,qd_slope_10_100,40,0.7598691124893168,-0.03824312437551153
Batch3,first_c_rate,log_dq_var,40,-0.28455268994583044,0.24945388234787977
