set,mape_percent,note
Train (Batch 1 CV),10.454488079062692,GradientBoosting
Valid (Batch 1 Hold-out),8.4761812180986,GroupShuffleSplit by charging_policy
Test (Batch 2),37.00555585267312,external batch; no tuning
Gap (Train-Valid),-1.9783068609640928,(+) : 과적합 의심
Gap (Valid-Test),28.52937463457452,(+) : 배치 간 일반화 저하 의심
Gap (Target-Test),27.905555852673118,Target : 원논문 9.1%
Test (Batch 3),16.93117646113116,external batch; no tuning
Gap (Batch2-Batch3),-20.07437939154196,Test 성능 간 비교
Gap (Target-Batch3),7.831176461131159,"Batch 3 기준, 원논문 성능 비교"
