cell_id,charging_policy,split
Batch1_cell_003,4C(80%)-4C,Train (Batch 1)
Batch1_cell_004,4C(80%)-4C,Train (Batch 1)
Batch1_cell_006,4.8C(80%)-4.8C,Train (Batch 1)
Batch1_cell_007,4.8C(80%)-4.8C,Train (Batch 1)
Batch1_cell_009,5.4C(40%)-3.6C,Train (Batch 1)
Batch1_cell_011,5.4C(50%)-3C,Train (Batch 1)
Batch1_cell_014,5.4C(60%)-3C,Train (Batch 1)
Batch1_cell_015,5.4C(60%)-3C,Train (Batch 1)
Batch1_cell_016,5.4C(60%)-3.6C,Train (Batch 1)
Batch1_cell_017,5.4C(60%)-3.6C,Train (Batch 1)
Batch1_cell_020,5.4C(80%)-5.4C,Train (Batch 1)
Batch1_cell_021,5.4C(80%)-5.4C,Train (Batch 1)
Batch1_cell_023,6C(30%)-3.6C,Train (Batch 1)
Batch1_cell_024,6C(40%)-3C,Train (Batch 1)
Batch1_cell_025,6C(40%)-3C,Train (Batch 1)
Batch1_cell_026,6C(40%)-3.6C,Train (Batch 1)
Batch1_cell_027,6C(40%)-3.6C,Train (Batch 1)
Batch1_cell_028,6C(50%)-3C,Train (Batch 1)
Batch1_cell_029,6C(50%)-3C,Train (Batch 1)
Batch1_cell_034,7C(30%)-3.6C,Train (Batch 1)
Batch1_cell_035,7C(30%)-3.6C,Train (Batch 1)
Batch1_cell_036,7C(40%)-3C,Train (Batch 1)
Batch1_cell_037,7C(40%)-3C,Train (Batch 1)
Batch1_cell_038,7C(40%)-3.6C,Train (Batch 1)
Batch1_cell_039,7C(40%)-3.6C,Train (Batch 1)
Batch1_cell_040,8C(15%)-3.6C,Train (Batch 1)
Batch1_cell_041,8C(15%)-3.6C,Train (Batch 1)
Batch1_cell_042,8C(25%)-3.6C,Train (Batch 1)
Batch1_cell_043,8C(25%)-3.6C,Train (Batch 1)
Batch1_cell_044,8C(35%)-3.6C,Train (Batch 1)
Batch1_cell_045,8C(35%)-3.6C,Train (Batch 1)
Batch1_cell_000,3.6C(80%)-3.6C,Valid (Batch 1 Hold-out)
Batch1_cell_001,3.6C(80%)-3.6C,Valid (Batch 1 Hold-out)
Batch1_cell_002,3.6C(80%)-3.6C,Valid (Batch 1 Hold-out)
Batch1_cell_005,4.4C(80%)-4.4C,Valid (Batch 1 Hold-out)
Batch1_cell_018,5.4C(70%)-3C,Valid (Batch 1 Hold-out)
Batch1_cell_019,5.4C(70%)-3C,Valid (Batch 1 Hold-out)
Batch1_cell_030,6C(50%)-3.6C,Valid (Batch 1 Hold-out)
Batch1_cell_031,6C(50%)-3.6C,Valid (Batch 1 Hold-out)
Batch1_cell_032,6C(60%)-3C,Valid (Batch 1 Hold-out)
Batch1_cell_033,6C(60%)-3C,Valid (Batch 1 Hold-out)
