cell_id,batch,cycle_life,charging_policy,first_c_rate,switch_soc,second_c_rate,qd_10,qd_100,qd_change_10_100,qd_slope_10_100,qd_slope_2_100,qd_std_10_100,ir_10,ir_100,ir_change_10_100,tavg_mean_10_100,tmin_mean_10_100,tmax_max_10_100,charge_time_mean_10_100,charge_time_change_10_100,dq_mean,dq_min,dq_max,dq_std,dq_var,log_dq_var,dq_range,dq_skew,dq_kurtosis,prediction,absolute_error,absolute_percentage_error
Batch3_cell_038,Batch3,1935.0,5C(67%)-4C-newstructure,5.0,0.67,4.0,1.0723419,1.0710695,-0.0012724000000001734,-1.464993948081487e-05,-8.787589363021427e-06,0.00041066029086495395,0.015878676,0.015872136,-6.540000000002794e-06,34.76766970582287,31.52627232457487,38.268311,10.043664212454173,-0.0009016666672945206,-0.008693083372975452,-0.020147005721674938,0.002919863667119077,0.006744868362557142,4.549324922822425e-05,-4.342053043792284,0.023066869388794015,-0.054164715839684824,-1.176886769950342,925.5431217479945,1009.4568782520055,52.16831412155067
Batch3_cell_007,Batch3,1836.0,4.8C(80%)-4.8C-newstructure,4.8,0.8,4.8,1.0702851,1.0684743,-0.0018107999999998903,-1.0694795349574862e-05,-2.3574483611610727e-06,0.0004918251198895157,0.015441688,0.015500138,5.844999999999982e-05,32.808879475206744,31.259379424839622,34.60008198094648,11.040780219780252,0.0003549999993985864,-0.007037779014879844,-0.017059021835070354,0.00016612471977571507,0.005696772889803214,3.2453221357996856e-05,-4.488742187967907,0.01722514655484607,-0.34078293270641885,-1.2007640843201082,908.2699241831274,927.7300758168726,50.52996055647454
Batch3_cell_045,Batch3,1801.0,4.8C(80%)-4.8C-newstructure,4.8,0.8,4.8,1.0713308,1.0711251,-0.00020569999999997535,-5.629530179966145e-06,-1.2584539269261775e-07,0.0003682617613489021,0.015655864,0.015662471,6.607000000002222e-06,32.7403094734237,30.865563883661157,35.085537,11.038641739926762,-0.0004883333334859685,-0.007131752461986142,-0.016477960740300612,-5.285843256575478e-05,0.005490028509211527,3.014041303195534e-05,-4.5208508005857535,0.01642510230773486,-0.32814304597836497,-1.177128602132372,908.2699241831274,892.7300758168726,49.56857722470142
Batch3_cell_016,Batch3,1638.0,4.8C(80%)-4.8C-newstructure,4.8,0.8,4.8,1.0635999,1.0625579,-0.0010419999999999874,-1.883284280936714e-05,-9.691301175018761e-06,0.0006256901395871405,0.015331875,0.015333001,1.1260000000005987e-06,34.95522704674217,31.991540662333605,38.21816186151848,11.04023639194139,-0.0003050000004201081,-0.0053233023549801,-0.013451995639618852,0.0045702543034450704,0.004495140289726133,2.0206286224319144e-05,-4.694513499472995,0.018022249943063923,-0.053271978184667716,-0.8886326372546582,839.904364093905,798.095635906095,48.7237872958544
Batch3_cell_033,Batch3,1284.0,5C(67%)-4C-newstructure,5.0,0.67,4.0,1.0624503,1.0609198,-0.0015305000000001012,-1.9696050326486636e-05,-1.2591045145338765e-05,0.0005656988239352372,0.015353906,0.015357213,3.306999999999269e-06,33.12068377442862,31.691829969176155,34.695709,10.043273534798557,0.0005833333336351387,-0.00784867836178756,-0.019885925647910252,0.00011027979071102575,0.006339439090185447,4.018848797817129e-05,-4.395898333073689,0.019996205438621278,-0.42003516917202444,-1.0089250725849932,873.3928396131167,410.60716038688327,31.978750808947293
Batch3_cell_017,Batch3,1315.0,5.3C(54%)-4C-newstructure,5.3,0.54,4.0,1.0689212,1.0664585,-0.002462699999999929,-1.4394919573166945e-06,-5.833125541120238e-06,0.0013982274957331422,0.015435528,0.015362277,-7.325099999999987e-05,35.095867839816854,32.47602651274004,38.138309,10.042097307692295,-0.001283333333413239,-0.007236216829825154,-0.017882391550413823,0.00671793865907247,0.006027586619356263,3.633180045384267e-05,-4.439713079764758,0.024600330209486293,0.016698005314836818,-0.8152410862997628,917.1617781687916,397.83822183120844,30.25385717347593
Batch3_cell_003,Batch3,1115.0,5.6C(36%)-4.3C-newstructure,5.6,0.36,4.3,1.0651054,1.0635946,-0.0015107999999999233,-1.969855709507913e-05,-1.2654854669141905e-05,0.0005751834222708306,0.014951255,0.015062672,0.00011141699999999907,36.077997165743646,32.18163253779588,40.072444603118754,10.041500054945082,-0.00040166666658514316,-0.010705414352713173,-0.026836614735112785,7.254636391688842e-05,0.008743717444096716,7.64525947422012e-05,-4.116607770381197,0.026909161099029674,-0.47954959221945176,-1.0204009571273691,791.139444261773,323.86055573822705,29.04578975230736
Batch3_cell_034,Batch3,1158.0,5.3C(54%)-4C-newstructure,5.3,0.54,4.0,1.0640321,1.0615493,-0.002482799999999896,-2.89226739926711e-05,-2.115797278911987e-05,0.0007869744361229876,0.015308368,0.015331933,2.3565000000001432e-05,35.79776713861069,32.25191118054439,39.49040963165045,10.043507087912095,0.0005233333324827782,-0.009552005567772987,-0.02150989276991433,3.2994643437143575e-05,0.007033479851697211,4.946983882423062e-05,-4.305659504591576,0.021542887413351475,-0.1840802590572742,-1.1558151157732173,822.1313532764301,335.8686467235699,29.004200926042305
Batch3_cell_035,Batch3,1093.0,5.6C(19%)-4.6C-newstructure,5.6,0.19,4.6,1.0652138,1.0632331,-0.0019807000000000574,-2.5849850294632247e-05,-1.953093877550817e-05,0.0007007666156341177,0.015385068,0.015414515,2.9447000000000154e-05,35.55319918303348,32.25979813449367,39.086731,10.04362437728935,-0.0008183333333970921,-0.009826425701495063,-0.02302807515263361,9.043865599416001e-05,0.007630813777207344,5.822931890241741e-05,-4.234858289724564,0.02311851380862777,-0.2963361684367084,-1.1528187004497663,807.7903569170734,285.2096430829266,26.094203392765476
Batch3_cell_018,Batch3,1146.0,5.6C(19%)-4.6C-newstructure,5.6,0.19,4.6,1.0700043,1.0670015,-0.003002799999999972,-3.550209428252919e-05,-2.927494124922568e-05,0.0009626280387950832,0.015009742,0.015060746,5.100400000000033e-05,35.30985537838845,32.412012714711054,38.518787,10.043114267399245,0.0006933333332810321,-0.010342257243667845,-0.02345576998165999,-9.146801283102697e-05,0.007464040709226221,5.571190370898627e-05,-4.254052001185467,0.023364301968828965,-0.22896170017700854,-1.0571234004912053,856.9076451100893,289.09235488991067,25.226208978177194
Batch3_cell_019,Batch3,1155.0,5.6C(36%)-4.3C-newstructure,5.6,0.36,4.3,1.0738823,1.0708553,-0.003026999999999891,-3.5161089345438536e-05,-2.9691358070504438e-05,0.0009421201627835551,0.015466365,0.015513306,4.6941e-05,35.11627590175709,32.13535380733202,38.401493,10.043198241758194,0.00039500000008629854,-0.011545479663150093,-0.025293657704202555,5.381143367196202e-06,0.008204064434852306,6.73066732512085e-05,-4.171941874669042,0.02529903884756975,-0.12087812859596593,-1.1118817229154598,864.7383654478393,290.2616345521607,25.13087745040352
Batch3_cell_039,Batch3,1156.0,5.3C(54%)-4C-newstructure,5.3,0.54,4.0,1.0504172,1.0495038,-0.0009133999999999531,-1.8707799012583198e-05,-6.583238095233322e-06,0.0005887008905586609,0.015595527,0.01558543,-1.0096999999998843e-05,33.897654387505355,31.405427510862598,36.491322,10.043042142857145,0.00025500000071154716,-0.006428438589560583,-0.017457917694832736,0.005697707341902919,0.005924919603900169,3.510467231268054e-05,-4.454635076566319,0.023155625036735655,-0.29253860298053624,-1.0030134675199553,873.3928396131167,282.60716038688327,24.44698619263696
Batch3_cell_010,Batch3,1078.0,4.8C(80%)-4.8C-newstructure,4.8,0.8,4.8,1.0643069,1.0623909,-0.0019160000000000288,-1.0829767478889913e-05,-2.8759653679635088e-06,0.00048320161315169006,0.015385433,0.015407138,2.1705000000000335e-05,32.54399223428314,30.701990520122433,35.20887742320281,11.038963479853486,0.0002283333333856774,-0.008335183582489893,-0.019093025885229542,-6.962870536587714e-05,0.00622761904322948,3.878323894759446e-05,-4.411355924026577,0.019023397179863667,-0.24495648666708955,-1.1918753068944825,848.4551114520749,229.5448885479251,21.29358891910251
Batch3_cell_022,Batch3,1002.0,5.9C(60%)-3.1C-newstructure,5.9,0.6,3.1,1.0585029,1.0569046,-0.0015982999999999414,-2.3564351011294978e-05,-1.5988764378483083e-05,0.0006521453165345199,0.015729558,0.015729792,2.3399999999826337e-07,34.63132729414493,31.64945617274125,37.97354076473168,10.042516941391874,0.0006299999993633065,-0.01372255051636294,-0.028409329718630083,-5.9000428325676763e-05,0.009475209070470485,8.977958692912616e-05,-4.046822397094466,0.028350329290304406,0.05292211155889695,-1.2689736256162136,805.1848309054097,196.81516909459026,19.64223244456989
Batch3_cell_009,Batch3,1039.0,5.3C(54%)-4C-newstructure,5.3,0.54,4.0,1.0727774,1.0724456,-0.00033180000000010423,-8.854330307374407e-06,6.68053184916058e-07,0.0002848554813500835,0.015798753,0.015873827,7.507400000000136e-05,33.09866042369786,31.314089364855324,35.6854391223452,10.04111170329672,-0.00026166666648386183,-0.014478011810756069,-0.0295752747869662,-0.00017198221252223697,0.010205905047944403,0.00010416049784765707,-3.982296953008088,0.029403292574443962,-0.055848607998057825,-1.3472162794731601,842.6578185453458,196.34218145465422,18.897226319023506
Batch3_cell_025,Batch3,989.0,5.3C(54%)-4C-newstructure,5.3,0.54,4.0,1.0642061,1.0643663,0.00016020000000005474,-2.9054260232480894e-06,6.950843537418871e-06,0.00035102017823579083,0.015628567,0.015702758,7.419100000000123e-05,35.59607204985471,32.24536147779434,39.595110804534556,10.042504725274737,0.001153333333544282,-0.010925821646167616,-0.026576249209760316,-9.83920753643615e-05,0.008447333251098293,7.135743905511085e-05,-4.1465607447332715,0.026477857134395957,-0.3663509799255979,-1.073334512646299,805.1848309054097,183.81516909459026,18.585962496925205
Batch3_cell_001,Batch3,1063.0,5.3C(54%)-4C-newstructure,5.3,0.54,4.0,1.068262,1.0664777,-0.001784299999999961,-2.3035981844234756e-05,-1.4719340754480143e-05,0.0006439276857354674,0.014960369,0.015059211,9.884200000000003e-05,34.85069370345211,31.591863438461406,38.707848,10.041386007325949,0.0008083333338912979,-0.009621018929360837,-0.022324177554068236,-0.00015211554022655574,0.007198278489875552,5.181521321780506e-05,-4.28554271039912,0.02217206201384168,-0.2863695436051661,-1.1239942266253156,872.1206385725629,190.87936142743706,17.956666173794645
Batch3_cell_006,Batch3,667.0,3.7C(31%)-5.9C-newstructure,3.7,0.31,5.9,1.0624539,1.04378,-0.01867390000000002,-0.0002030154196528045,-0.0002023977884972222,0.0053645684656088675,0.013582986,0.013847317,0.0002643309999999996,34.115817620720705,31.43104686423182,37.461433,10.082544725274769,0.05680500000016764,-0.028517561100453774,-0.05320164659124538,0.00025720584764030684,0.01726417793759377,0.00029805183986089944,-3.5257081929454923,0.053458852438885686,0.48315863084518623,-0.867078397511289,566.7482081236708,100.25179187632921,15.030253654622069
Batch3_cell_021,Batch3,772.0,3.7C(31%)-5.9C-newstructure,3.7,0.31,5.9,1.0686178,1.0538316,-0.01478619999999986,-0.00016548362478102064,-0.0001594917019171322,0.004373894298102308,0.013976241,0.014177526,0.00020128499999999896,34.92716014483845,32.075242149135455,38.317612,10.080266025641029,0.04151999999958278,-0.02353870422305198,-0.04327614857800555,5.415349908882445e-05,0.014055187938441774,0.00019754830798491912,-3.704326685729231,0.043330302077094374,0.5061397443817522,-0.8460875667678063,661.8022704633829,110.19772953661709,14.274317297489262
Batch3_cell_004,Batch3,1048.0,5.6C(19%)-4.6C-newstructure,5.6,0.19,4.6,1.0745391,1.0738586,-0.0006804999999998618,-1.1781070234118693e-05,-5.233104514546137e-06,0.00039972819578188963,0.015149157,0.015179508,3.0350999999999642e-05,32.12557596502858,31.185301794570634,33.39357830787951,10.045643296703325,0.0013350000001075557,-0.010106438868906728,-0.024810275761238065,-4.890704243583474e-05,0.008142676169150402,6.630317519564986e-05,-4.178465673149821,0.024761368718802232,-0.4358594530739965,-1.1081174288351316,904.303303436621,143.69669656337896,13.711516847650666
Batch3_cell_026,Batch3,1028.0,5.6C(19%)-4.6C-newstructure,5.6,0.19,4.6,1.0749502,1.074435,-0.0005151999999999379,-9.675868768901348e-06,-4.2884230055903015e-07,0.00035741270356083246,0.015588214,0.015650999,6.278499999999923e-05,35.76291274854084,32.34210502268337,39.786995,10.042283937728902,0.001066666666885041,-0.010139592783464869,-0.02417913926788795,5.3156508515146174e-05,0.0077668745952744755,6.032434097872005e-05,-4.219507413901045,0.024232295776403096,-0.34215547877014796,-1.060483006313052,895.189716897421,132.81028310257898,12.919288239550482
Batch3_cell_036,Batch3,923.0,5.6C(36%)-4.3C-newstructure,5.6,0.36,4.3,1.0600277,1.0577667,-0.0022610000000000685,-3.125922599139511e-05,-2.197191960420188e-05,0.0008511785827867596,0.015143714,0.015179561,3.5846999999998574e-05,35.895392837699205,32.18943806209024,39.893036,10.043489890109916,0.000818333333640453,-0.009908357469924611,-0.022981813517992444,0.00015762894564918736,0.007469147564161901,5.5788165335225655e-05,-4.253457920681209,0.02313944246364163,-0.2511211297987011,-1.0968264561935652,807.7903569170734,115.20964308292662,12.482084841053805
Batch3_cell_000,Batch3,1009.0,5C(67%)-4C-newstructure,5.0,0.67,4.0,1.0704191,1.0694544,-0.0009647000000001515,-1.5158867654082956e-05,-5.346195423626031e-06,0.0004890810392959083,0.015249968,0.015270543,2.0575000000000107e-05,32.20608790756306,30.863653980715334,33.974361,10.042506868131868,-0.00023999999951662687,-0.01010217739369119,-0.02331165742747432,4.195191073483144e-05,0.007541236568962176,5.687024898905241e-05,-4.245114870317645,0.023353609338209153,-0.19512162119318674,-1.1718837880266881,889.0502464700479,119.94975352995209,11.887983501481871
Batch3_cell_012,Batch3,932.0,5.6C(36%)-4.3C-newstructure,5.6,0.36,4.3,1.0765386,1.0755343,-0.001004299999999958,-1.403298136645261e-05,-6.6794632034672655e-06,0.00040589249051131606,0.016063454,0.016099032,3.557799999999792e-05,33.23519248947025,31.23959468223829,36.11585579982815,10.042464597069563,0.0005383333324679995,-0.01531489306361951,-0.03173492178819726,-0.00010094321934228439,0.010631756260796616,0.00011303424118898805,-3.9467899768101886,0.03163397856885497,0.009007907579175856,-1.2833709230089112,827.9587650914399,104.04123490856011,11.163222629673832
Batch3_cell_031,Batch3,731.0,5.9C(60%)-3.1C-newstructure,5.9,0.6,3.1,1.0708563,1.0698149,-0.0010414000000000811,-1.799799808886109e-05,-8.999562152133179e-06,0.0005506441022015792,0.015862754,0.015953651,9.08969999999995e-05,34.01108300144201,31.325665569928564,37.242977,10.045659761904709,-0.0006733333325730229,-0.01635054856148944,-0.035619409739265695,8.180347755336339e-05,0.012028140357527091,0.00014467616046037193,-3.8396030254357147,0.03570121321681906,-0.1208528162237575,-1.2916363144954703,811.8965006860882,80.89650068608819,11.066552761434773
Batch3_cell_015,Batch3,876.0,5.9C(15%)-4.6C-newstructure,5.9,0.15,4.6,1.0709045,1.0693594,-0.001545099999999966,-1.980556458034287e-05,-1.156462213976474e-05,0.0005858602717205475,0.015342494,0.015327176,-1.5318000000000276e-05,33.52853845600545,30.892344757535895,37.344582,10.041694835164904,-0.000423333333795739,-0.01334033083158007,-0.02948434500233621,9.829510697057908e-05,0.009992123405006742,9.984253014088353e-05,-4.000684421929468,0.02958264010930679,-0.15382378764959193,-1.2842654825214417,799.7943851106875,76.20561488931253,8.699271106085906
Batch3_cell_027,Batch3,850.0,5.6C(36%)-4.3C-newstructure,5.6,0.36,4.3,1.0638406,1.0627574,-0.0010832000000000619,-1.3569039655995085e-05,-4.0353704390864875e-06,0.0004467149085478606,0.014910381,0.014973907,6.352599999999951e-05,35.324266419529465,32.18328230954632,38.98098,10.045011721611743,0.0005316666669390457,-0.01070991087322853,-0.026600290807078597,0.00016253057717974684,0.008608626082068025,7.410844302086189e-05,-4.130132310934438,0.026762821384258343,-0.36115454159106575,-1.1141485878220703,791.139444261773,58.86055573822705,6.92477126332083
Batch3_cell_030,Batch3,935.0,5.3C(54%)-4C-newstructure,5.3,0.54,4.0,1.0717069,1.0710108,-0.0006960999999998663,-1.2096585443535233e-05,-3.416536796534243e-06,0.00037526796155802253,0.015578452,0.015618403,3.9950999999999876e-05,32.251224165061636,30.748356023515697,34.756857996430846,10.043419908424884,-0.0003099999992031144,-0.011137570899382837,-0.026737169755743473,6.694454111319092e-05,0.008910195367561328,7.939158148811134e-05,-4.1002255467806545,0.026804114296856665,-0.3873119059789261,-1.1369092977243445,870.7243307502273,64.2756692497727,6.874403128317937
Batch3_cell_005,Batch3,828.0,5.6C(36%)-4.3C-newstructure,5.6,0.36,4.3,1.0536922,1.0518515,-0.0018407000000000284,-2.237926580665397e-05,-1.602090043289774e-05,0.0006341328990908799,0.015191662,0.015206923,1.5261000000000788e-05,35.59140516360937,32.28426586778585,40.19554382518285,10.042010677655755,0.000806666666660405,-0.011445765437692483,-0.025445098246365427,0.00021307872928851695,0.008765728448902952,7.683799523990656e-05,-4.114423974726586,0.025658176975653944,-0.1629821002500825,-1.2847293776559767,791.139444261773,36.86055573822705,4.451757939399402
Batch3_cell_044,Batch3,940.0,5.3C(54%)-4C-newstructure,5.3,0.54,4.0,1.0727483,1.0729284,0.00018009999999990534,-6.09089345437082e-06,4.689736549163306e-06,0.00030460822079889224,0.015607859,0.01561721,9.350999999999457e-06,33.363634157603535,30.6474392130435,36.881859,10.043224322344285,-0.016210000000137725,-0.01123106109649192,-0.02598513188750473,-5.684970389612063e-05,0.00859512582612945,7.387618796699746e-05,-4.131495522376496,0.02592828218360861,-0.2446163658848562,-1.2383958928034307,901.3864751291752,38.61352487082479,4.107821794768594
Batch3_cell_041,Batch3,786.0,5.6C(36%)-4.3C-newstructure,5.6,0.36,4.3,1.0537622,1.0541531,0.0003908999999999718,1.1853320593366783e-07,9.732244897959292e-06,0.0002636533119247449,0.018316111,0.018368578,5.2467000000000485e-05,33.654851088210236,30.83048852655739,37.245838,10.043180164835102,-0.0005933333331391566,-0.009748050525024678,-0.024192993699098664,2.005198008902913e-05,0.007766857097199375,6.03240691683163e-05,-4.2195093707566445,0.024213045679187695,-0.35713355699594795,-1.0631301344503463,816.0141637641963,30.01416376419627,3.8185958987527058
Batch3_cell_028,Batch3,541.0,3.7C(31%)-5.9C-newstructure,3.7,0.31,5.9,1.0524576,1.0340093,-0.018448300000000195,-0.00020474461697721804,-0.00019802208534322756,0.005414313691708062,0.013221229,0.013605327,0.0003840980000000011,35.72293765850798,32.312166137425436,39.85648636436463,10.091233113553178,0.10265999999998243,-0.03025611921470947,-0.05783112055064066,3.0258096297149095e-05,0.01880057160122246,0.0003534614925326925,-3.451657893017001,0.05786137864693781,0.299642387483157,-0.9803013452957257,561.0365084969608,20.036508496960778,3.7036060068319365
Batch3_cell_014,Batch3,858.0,5.6C(36%)-4.3C-newstructure,5.6,0.36,4.3,1.0763183,1.0763919,7.359999999989597e-05,-7.178810320113945e-06,4.6361076066727265e-06,0.00038468013809804736,0.015582602,0.015591383,8.781000000001107e-06,33.13147973943754,31.083632749232976,36.101499457512425,10.041892417582439,0.00038499999961238984,-0.013203557332650976,-0.029282360362737236,8.776909781326705e-05,0.010003826535299392,0.00010007654534836023,-3.999667694941731,0.029370129460550502,-0.19204286282934288,-1.3198368224743082,827.9587650914399,30.041234908560114,3.501309429902111
Batch3_cell_011,Batch3,817.0,5.6C(19%)-4.6C-newstructure,5.6,0.19,4.6,1.0706047,1.0682998,-0.002304900000000165,-2.6095773212293817e-05,-1.7682165739029632e-05,0.0007197069881036828,0.01553858,0.015558524,1.9944000000000905e-05,34.21806492719247,31.37971658410665,38.22832463770115,10.042474047619098,0.0012966666666507365,-0.015620691175653463,-0.034087374997818,0.0001621390525086798,0.011416669207575862,0.00013034033579521087,-3.884921164468091,0.034249514050326675,-0.1401925828848235,-1.2656063363142078,789.6944584444941,27.305541555505897,3.3421715490215296
Batch3_cell_013,Batch3,816.0,5.6C(19%)-4.6C-newstructure,5.6,0.19,4.6,1.0689164,1.067306,-0.0016103999999999008,-2.3632121356909914e-05,-1.2185193568341783e-05,0.0006895107064223441,0.015198183,0.015105296,-9.288699999999983e-05,34.130941749387844,31.338305665400796,37.80334001741199,10.042348919413891,0.0011983333332565849,-0.01176548019743392,-0.027646083960900736,-0.00013977091851407556,0.008969469498406534,8.045138308284514e-05,-4.094466485311571,0.02750631304238666,-0.2582687355469183,-1.197938880295874,839.2442820478684,23.24428204786841,2.8485639764544617
Batch3_cell_024,Batch3,825.0,5C(67%)-4C-newstructure,5.0,0.67,4.0,1.0499612,1.050084,0.00012279999999997848,-2.15247650899136e-07,9.6505887445875e-06,0.000308776931424182,0.015551942,0.015600633,4.869100000000001e-05,34.700446770400006,32.0984039315807,37.871063,10.041816959706937,0.0004233333333107936,-0.010345482795288031,-0.0247723986145858,-8.601278481263643e-05,0.008363200381443375,6.994312062017459e-05,-4.155254994876533,0.024686385829773165,-0.335748806400248,-1.261852210004365,805.1848309054097,19.81516909459026,2.401838678132153
Batch3_cell_029,Batch3,858.0,5.9C(15%)-4.6C-newstructure,5.9,0.15,4.6,1.0698459,1.0696349,-0.00021099999999996122,-8.117663640705664e-06,4.077620284472189e-06,0.00043573345316274013,0.014893094,0.014796775,-9.631900000000096e-05,31.270035996854823,30.851009411771035,31.999889,10.041987307692274,-0.001205000000240375,-0.011300575148553206,-0.028921475161164945,0.0002434664412601078,0.009294198633809009,8.638212824469724e-05,-4.0635761002012085,0.029164941602425054,-0.34844886247658435,-1.1797578358031429,876.849328215943,18.849328215943046,2.1968914004595623
Batch3_cell_008,Batch3,828.0,5C(67%)-4C-newstructure,5.0,0.67,4.0,1.0679353,1.067026,-0.0009093000000000018,-1.3573261665868152e-05,-3.3089511440911376e-06,0.00046133017684557717,0.01528774,0.015265453,-2.2286999999999307e-05,33.068549203584894,31.27462993695713,35.5458971642776,10.043185439560489,0.0016750000000076426,-0.011806368426415048,-0.026848970612832312,3.896464001430355e-06,0.008997008303112352,8.094615840627262e-05,-4.091803757442373,0.026852867076833743,-0.21507198874661276,-1.2791535075636495,813.3821118817152,14.617888118284782,1.7654454249136209
Batch3_cell_040,Batch3,796.0,5.6C(19%)-4.6C-newstructure,5.6,0.19,4.6,1.0632297,1.0617574,-0.001472299999999871,-2.0118948877207218e-05,-7.692147186143209e-06,0.0005901350325123,0.015478753,0.015327614,-0.0001511389999999998,34.080462713172146,30.956309723645514,38.358112,10.043786648351642,-0.00014499999961081755,-0.009078861478925764,-0.022053794482172262,7.870441953502887e-05,0.007119440462790883,5.068643250322406e-05,-4.29510827493732,0.022132498901707293,-0.3154308934543953,-1.138512905318865,807.7903569170734,11.790356917073382,1.4812006177227868
Batch3_cell_020,Batch3,813.0,5C(67%)-4C-newstructure,5.0,0.67,4.0,1.0675322,1.0664401,-0.0010921000000001513,-1.5147082337950086e-05,-7.154074211500192e-06,0.00045277597635783414,0.015259762,0.015333491,7.372899999999981e-05,33.11391708302053,30.866544154804785,36.232254,10.043402454212483,0.0004066666668229857,-0.011919383387319954,-0.028071993572476917,-2.8411211548175675e-05,0.00926462090615337,8.583320053473409e-05,-4.066344693269561,0.02804358236092874,-0.33953004746091486,-1.1828004673853034,813.3821118817152,0.38211188171521826,0.04700023145328638
