feature,pearson,spearman
dq_std,-0.8955507446208479,-0.8797804720203246
log_dq_var,-0.8858470823514537,-0.8797804720203246
dq_range,-0.883815268141039,-0.8537329068025725
dq_min,0.8834847416501066,0.8537329068025725
dq_mean,0.8559396708033946,0.8336092025707977
dq_var,-0.8404170624776244,-0.8797804720203246
dq_skew,-0.5943602708538815,-0.571304122735844
first_c_rate,-0.5765820622214868,-0.48589924982392546
charge_time_mean_10_100,0.5647394907006043,0.6016203524876088
qd_change_10_100,0.5471022603744891,0.6009234276657291
tavg_mean_10_100,-0.5061717694774459,-0.3904521314580745
tmin_mean_10_100,-0.4475825873544048,-0.28225455286125867
tmax_max_10_100,-0.4228423379559762,-0.34462932441948746
dq_kurtosis,0.30984876192582284,0.22170920896046395
ir_100,0.3035821629357264,0.24514330609616727
qd_100,0.29325645112025434,0.33103929039283425
dq_max,0.2802479442090824,0.21003571819397984
switch_soc,0.25213038436222796,0.23231380214549682
qd_slope_2_100,0.17212199652805824,0.4584894171940755
charge_time_change_10_100,-0.12132731041728845,-0.22737172313823614
ir_change_10_100,0.1145551162305675,-0.2603885365747846
qd_slope_10_100,0.09869705447177211,0.46650405264569145
qd_10,0.09687424500406117,0.10297064243271843
ir_10,0.0963958597563362,0.2213607465495242
second_c_rate,-0.09001001376433243,0.0283811396339446
qd_std_10_100,-0.055030698488699514,-0.22754595434370603
