cell_id,batch,cycle_life,charging_policy,summary_length,num_cycles,has_cycle_10,has_cycle_100,has_qdlin_10,has_qdlin_100,num_missing,num_inf,valid_for_model,exclusion_reason
Batch2_cell_000,Batch2,477.0,5.2C(58%)-4C,496,496,True,True,True,True,0,0,True,
Batch2_cell_001,Batch2,491.0,5.6C(26%)-4.5C,513,513,True,True,True,True,0,0,True,
Batch2_cell_002,Batch2,424.0,5.2C(50%)-4.25C,439,439,True,True,True,True,0,0,True,
Batch2_cell_003,Batch2,499.0,4.65C(44%)-5C,517,517,True,True,True,True,0,0,True,
Batch2_cell_004,Batch2,444.0,4.65C(69%)-6C,464,464,True,True,True,True,0,0,True,
Batch2_cell_005,Batch2,416.0,3.6C(30%)-6C,445,445,True,True,True,True,0,0,True,
Batch2_cell_006,Batch2,393.0,3.6C(9%)-5C,409,409,True,True,True,True,0,0,True,
Batch2_cell_007,Batch2,777.0,4.8C(80%)-4.8C-newstructure,806,806,True,True,True,True,0,0,False,paper exclusion: continuation of Batch1 cell
Batch2_cell_008,Batch2,904.0,5.2C(58%)-4C-newstructure,947,947,True,True,True,True,0,0,False,paper exclusion: continuation of Batch1 cell
Batch2_cell_009,Batch2,791.0,5.6C(26%)-4.5C-newstructure,819,819,True,True,True,True,0,0,False,paper exclusion: continuation of Batch1 cell
Batch2_cell_010,Batch2,492.0,4.8C(80%)-4.8C,519,519,True,True,True,True,0,0,True,
Batch2_cell_011,Batch2,449.0,5.2C(50%)-4.25C,468,468,True,True,True,True,0,0,True,
Batch2_cell_012,Batch2,466.0,4.65C(44%)-5C,493,493,True,True,True,True,0,0,True,
Batch2_cell_013,Batch2,460.0,4.65C(69%)-6C,483,483,True,True,True,True,0,0,True,
Batch2_cell_014,Batch2,426.0,3.6C(30%)-6C,461,461,True,True,True,True,0,0,True,
Batch2_cell_015,Batch2,396.0,3.6C(9%)-5C,414,414,True,True,True,True,0,0,False,paper exclusion: continuation of Batch1 cell
Batch2_cell_016,Batch2,472.0,4.8C(80%)-4.8C,499,499,True,True,True,True,0,0,False,paper exclusion: continuation of Batch1 cell
Batch2_cell_017,Batch2,471.0,5.6C(26%)-4.5C,494,494,True,True,True,True,0,0,True,
Batch2_cell_018,Batch2,449.0,5.2C(50%)-4.25C,467,467,True,True,True,True,0,0,True,
Batch2_cell_019,Batch2,392.0,6C(60%)-3C,411,411,True,True,True,True,0,0,True,
Batch2_cell_020,Batch2,489.0,5.2C(58%)-4C,506,506,True,True,True,True,0,0,True,
Batch2_cell_021,Batch2,408.0,6C(60%)-3C,426,426,True,True,True,True,0,0,True,
Batch2_cell_022,Batch2,,VarCharge-2C-100cycles,920,920,True,True,True,True,0,0,False,missing cycle_life target
Batch2_cell_023,Batch2,,VarCharge-4C-100cycles,1152,1152,True,True,True,True,0,0,False,missing cycle_life target
Batch2_cell_024,Batch2,514.0,4.8C(80%)-4.8C,536,536,True,True,True,True,0,0,True,
Batch2_cell_025,Batch2,493.0,5.2C(58%)-4C,511,511,True,True,True,True,0,0,True,
Batch2_cell_026,Batch2,450.0,5.6C(26%)-4.5C,476,476,True,True,True,True,0,0,True,
Batch2_cell_027,Batch2,474.0,5.2C(50%)-4.25C,493,493,True,True,True,True,0,0,True,
Batch2_cell_028,Batch2,437.0,4.8C(80%)-4.8C,456,456,True,True,True,True,0,0,True,
Batch2_cell_029,Batch2,452.0,5.2C(58%)-4C,470,470,True,True,True,True,0,0,True,
Batch2_cell_030,Batch2,412.0,5.6C(26%)-4.5C,429,429,True,True,True,True,0,0,True,
Batch2_cell_031,Batch2,425.0,5.6C(26%)-4.5C,446,446,True,True,True,True,0,0,True,
Batch2_cell_032,Batch2,809.0,4.8C(80%)-4.8C-newstructure,834,834,True,True,True,True,0,0,True,
Batch2_cell_033,Batch2,1140.0,5.2C(58%)-4C-newstructure,1190,1190,True,True,True,True,0,0,True,
Batch2_cell_034,Batch2,1186.0,5.6C(26%)-4.5C-newstructure,1252,1252,True,True,True,True,0,0,True,
Batch2_cell_035,Batch2,,VarCharge-6C-100cycles,423,423,True,True,True,True,0,0,False,missing cycle_life target
Batch2_cell_036,Batch2,,VarCharge-8C-100cycles,280,280,True,True,True,True,0,0,False,missing cycle_life target
Batch2_cell_037,Batch2,,3.6C(80%)-3.6C(SLOWCYCLE,101,101,True,True,True,True,0,0,False,missing cycle_life target
Batch2_cell_038,Batch2,,4.8C(80%)-4.8C(SLOWCYCLE,101,101,True,True,True,True,0,0,False,missing cycle_life target
Batch2_cell_039,Batch2,,3.6C(9%)-5C(SLOWCYCLE,434,434,True,True,True,True,0,0,False,missing cycle_life target
Batch2_cell_040,Batch2,,5.2C(58%)-4C(SLOWCYCLE,459,459,True,True,True,True,0,0,False,missing cycle_life target
Batch2_cell_041,Batch2,442.0,5.6C(26%)-4.5C,463,463,True,True,True,True,0,0,True,
Batch2_cell_042,Batch2,474.0,5.2C(50%)-4.25C,497,497,True,True,True,True,0,0,True,
Batch2_cell_043,Batch2,1029.0,4.8C(80%)-4.8C-newstructure,1061,1061,True,True,True,True,0,0,True,
Batch2_cell_044,Batch2,841.0,5.2C(58%)-4C-newstructure,874,874,True,True,True,True,0,0,True,
Batch2_cell_045,Batch2,997.0,5.6C(26%)-4.5C-newstructure,1027,1027,True,True,True,True,0,0,True,
Batch2_cell_046,Batch2,503.0,4.8C(80%)-4.8C,523,523,True,True,True,True,0,0,True,
