cell_id,batch,cycle_life,charging_policy,first_c_rate,switch_soc,second_c_rate,qd_10,qd_100,qd_change_10_100,qd_slope_10_100,qd_slope_2_100,qd_std_10_100,ir_10,ir_100,ir_change_10_100,tavg_mean_10_100,tmin_mean_10_100,tmax_max_10_100,charge_time_mean_10_100,charge_time_change_10_100,dq_mean,dq_min,dq_max,dq_std,dq_var,log_dq_var,dq_range,dq_skew,dq_kurtosis
Batch1_cell_000,Batch1,1190.0,3.6C(80%)-3.6C,3.6,0.8,3.6,1.0745373,1.0759126,0.0013753000000000792,-0.00031399105112279297,-0.00020680701298701792,0.04853023255896164,0.016572181,0.016667154,9.497300000000167e-05,31.5760350032552,29.319548450549448,35.994705,13.384324395604375,-0.08487166666600388,-0.002873415224691916,-0.008459642934268818,0.0007679306774941441,0.003108633182730208,9.663600264771342e-06,-5.014861042960788,0.009227573611762963,-0.5320584720505741,-1.3483118916844847
Batch1_cell_001,Batch1,1179.0,3.6C(80%)-3.6C,3.6,0.8,3.6,1.0797766,1.0806297,0.000853100000000051,-1.386407708233212e-05,5.535292516999699e-06,0.000584714111761717,0.016867684,0.01699684,0.00012915599999999833,31.295828166311242,29.527047417582416,34.712265,13.372037857142836,-0.0845833333336472,-0.004099614621345189,-0.011003816596621918,-8.800451256757524e-05,0.003111861011814637,9.683678956852016e-06,-5.013959617162855,0.010915812084054342,-0.42937490319280475,-1.0291160019202568
Batch1_cell_002,Batch1,1177.0,3.6C(80%)-3.6C,3.6,0.8,3.6,1.0837817,1.0849404,0.001158699999999957,-5.208700429995722e-06,1.0295625231906745e-05,0.00046066444264291793,0.01668706,0.016854173,0.00016711299999999998,31.442116534374804,29.601948725274728,35.127342,13.379404835164845,0.00021166666677707724,-0.004486734282886987,-0.017216391849644463,1.252405183928737e-05,0.004280555467426044,1.8323155109711002e-05,-4.7369997419805365,0.01722891590148375,-1.0801942790076284,0.34863681887577247
Batch1_cell_003,Batch1,1226.0,4C(80%)-4C,4.0,0.8,4.0,1.0843078,1.0847498,0.00044200000000005346,6.368388278398741e-06,1.7136347557209165e-05,0.0007552388304766988,0.016207602,0.016408285,0.0002006830000000001,29.908329568221973,29.35390849450549,31.691414,12.053525549450544,0.00013666666673017858,-0.007455784700018412,-0.018960539773269502,0.0001820400912558392,0.006007493649174286,3.6089979944869384e-05,-4.442613359277012,0.01914257986452534,-0.43905046294046873,-1.0954158488747705
Batch1_cell_004,Batch1,1227.0,4C(80%)-4C,4.0,0.8,4.0,1.0819536,1.0826457,0.0006920999999999733,8.424255454690661e-06,1.8994317872609844e-05,0.0007702218768843537,0.016616168,0.016734114,0.00011794600000000072,31.4281820570246,29.46489059340659,35.651741,12.053579249084253,-0.08406333333332405,-0.005750008121960181,-0.013957995093677344,4.553514587814266e-05,0.004743819651470338,2.250382488567616e-05,-4.647743660307859,0.014003530239555487,-0.3625481267285902,-1.3338305761630274
Batch1_cell_005,Batch1,1074.0,4.4C(80%)-4.4C,4.4,0.8,4.4,1.080176,1.0797794,-0.0003965999999999692,2.0457525083623468e-06,1.1228400742114224e-05,0.0008207529116386806,0.016248615,0.016325712,7.70969999999982e-05,30.91369988695243,29.230312285714287,34.654667,15.437651080586145,-0.08437166666650775,-0.01107391297973859,-0.025178778949337288,0.00023711126592161497,0.008138812030045434,6.624026126041227e-05,-4.178877963304522,0.025415890215258904,-0.1493501482196469,-1.2275265201493235
Batch1_cell_006,Batch1,636.0,4.8C(80%)-4.8C,4.8,0.8,4.8,1.0811012,1.0792426,-0.0018586000000000436,-1.8384228380318223e-05,-4.808646876938924e-06,0.0009287218036481327,0.016690306,0.016668631,-2.167499999999878e-05,32.24983543491405,29.72024863736264,36.496124,10.043405329670298,0.08442000000044025,-0.015965056248274823,-0.03788603931347978,6.203428184438494e-05,0.013048513820444054,0.0001702637129223195,-3.768877900227724,0.037948073595324164,-0.4079358496201863,-1.2380700944581644
Batch1_cell_007,Batch1,870.0,4.8C(80%)-4.8C,4.8,0.8,4.8,1.097587,1.0957625,-0.0018245000000001177,-1.2389668737060214e-05,-6.42818800247794e-06,0.0007485354756670526,0.016181435,0.01627275,9.131499999999806e-05,31.973256280500298,29.560738692307694,36.053928,10.04442992673991,-0.08324333333257528,-0.016645727245619735,-0.03823338650707442,-0.00014005599933485997,0.012395297688070558,0.00015364340477588733,-3.8134860773269867,0.03809333050773956,-0.3334166199580943,-1.1205359041283267
Batch1_cell_008,Batch1,879.0,5.4C(40%)-3.6C,5.4,0.4,3.6,1.0941397,1.0941359,-3.7999999999982492e-06,-7.819638477472863e-06,5.429254174400251e-06,0.0004296208807706272,0.016685469,0.016829027,0.0001435579999999985,32.07835379862389,30.304491109890108,35.160984,11.24570701465201,-0.006233333333026891,-0.012818967232022799,-0.030807702259195047,8.354872197383133e-06,0.009986256011781672,9.97253091328456e-05,-4.001194608771134,0.03081605713139243,-0.32911416100561713,-1.2025759412667463
Batch1_cell_009,Batch1,1054.0,5.4C(40%)-3.6C,5.4,0.4,3.6,1.0866315,1.0876312,0.0009996999999999368,5.299069915599302e-06,1.8204385899806905e-05,0.000397237190374168,0.016847193,0.016944561,9.736800000000045e-05,32.64506491955275,30.267455241758242,36.799232,11.243820860805872,-0.08812666666672087,-0.01151060056848011,-0.028724475696229934,-3.762094120557906e-05,0.009339167424245435,8.722004817808711e-05,-4.059383677769545,0.028686854755024357,-0.42759102828356804,-1.1821708568020548
Batch1_cell_010,Batch1,906.0,5.4C(50%)-3C,5.4,0.5,3.0,1.0795403,1.0816405,0.0021002000000001075,6.0261347348371834e-06,2.529188002473426e-05,0.0009485382274069258,0.01646658,0.016675979,0.000209398999999999,33.183029052978426,30.26350730769231,37.614693,11.686669780219818,-0.0003450000005003062,-0.010668007843734223,-0.026992931922526497,0.00012131503750222023,0.00974346493973917,9.493510903192644e-05,-4.022573146487059,0.027114246960028718,-0.5100716201179796,-1.2874566544104162
Batch1_cell_011,Batch1,788.0,5.4C(50%)-3C,5.4,0.5,3.0,1.0581003,1.0599719,0.0018716000000000843,4.613694855870166e-06,2.1809402597400947e-05,0.0008829459157428636,0.016196392,0.0162715,7.510800000000081e-05,32.737335353469376,30.124853406593406,37.128967,11.68509159340663,-0.08325500000003849,-0.008378205102529984,-0.023691513033622602,0.0005818342431713752,0.008444068247508568,7.130228856858242e-05,-4.146896530502188,0.024273347276793977,-0.5948478865400665,-1.2055554665073662
Batch1_cell_012,Batch1,902.0,5.4C(50%)-3.6C,5.4,0.5,3.6,1.081143,1.0819131,0.0007700999999999958,6.052810957250435e-07,1.2573115646260144e-05,0.00038143861610797535,0.016418315,0.016531222,0.00011290700000000237,33.46370483841537,30.395312010989013,38.354816,10.682910934065939,-0.08323666666631979,-0.011237958333707347,-0.027438869587688153,-8.11255733985716e-06,0.008657742713190541,7.495650888780392e-05,-4.125190648988873,0.027430757030348297,-0.33105168455512635,-1.127353393832118
Batch1_cell_013,Batch1,897.0,5.4C(50%)-3.6C,5.4,0.5,3.6,1.0836941,1.0836461,-4.8000000000048004e-05,-7.604817646123064e-06,4.458676561536227e-06,0.00045535950907284385,0.017012455,0.01714633,0.00013387500000000205,32.09855469451812,30.022724736263736,35.892479,10.683663827838837,-0.08326333333364744,-0.013148734381658471,-0.029137075239816568,-0.00016971032187567986,0.009462301264631719,8.953514522265102e-05,-4.048006457642694,0.02896736491794089,-0.13523749827081785,-1.2549350256266683
Batch1_cell_014,Batch1,880.0,5.4C(60%)-3C,5.4,0.6,3.0,1.0752021,1.0762016,0.000999500000000042,1.630952062430929e-05,2.6234124922698223e-05,0.0008773181232495764,0.016928159,0.017053071,0.00012491199999999786,33.06387883092461,30.06437465934066,37.818813,15.291828736263737,0.08343166666660728,-0.01194621822346789,-0.0282939556930506,-9.331125516033665e-06,0.009483422075848647,8.993529426869346e-05,-4.046069839990279,0.028284624567534566,-0.2824526373371237,-1.3132871189250301
Batch1_cell_015,Batch1,719.0,5.4C(60%)-3C,5.4,0.6,3.0,1.0666022,1.0677497,0.001147500000000079,1.673795190317282e-05,2.904936054421284e-05,0.0009428549617718078,0.016743079,0.016914751,0.00017167199999999772,33.14516569291013,29.948493087912087,38.47617,15.29100639194134,-0.08297666666682524,-0.011013089313180444,-0.02894455469678503,-0.00012937837624389713,0.009795473824058336,9.595130743781206e-05,-4.017949103167607,0.028815176320541133,-0.4819985506782297,-1.2504559854100663
Batch1_cell_016,Batch1,862.0,5.4C(60%)-3.6C,5.4,0.6,3.6,1.0857847,1.0863206,0.0005359000000000336,1.3498762541802934e-05,2.3160274582555584e-05,0.0008802816536919416,0.016649365,0.016816031,0.00016666599999999934,32.420218382666164,29.84068751648352,37.566532,10.125278095238116,0.00047833333289126756,-0.012403806163792483,-0.027606674842371115,-9.636798054776953e-05,0.008918527633297722,7.954013514589507e-05,-4.099413675443745,0.027510306861823347,-0.12294982972227264,-1.2280984019903856
Batch1_cell_017,Batch1,857.0,5.4C(60%)-3.6C,5.4,0.6,3.6,1.0757509,1.0769763,0.0012254000000000431,5.362154801722931e-06,1.7886231292523448e-05,0.0006029263938111272,0.016624577,0.016800802,0.0001762249999999986,32.10059557412021,29.520876340659335,37.208405,10.138984047619054,0.08325000000004401,-0.013343115757399524,-0.031067967108938555,-1.5841950119365806e-05,0.010349521579645339,0.00010711259692754454,-3.970159451162403,0.03105212515881919,-0.25598794617561366,-1.2907022981003802
Batch1_cell_018,Batch1,691.0,5.4C(70%)-3C,5.4,0.7,3.0,1.0695512,1.0645274,-0.005023800000000023,-0.0004958883612040111,-0.0002945415905998791,0.1903739135346786,0.019886132,0.015891589,-0.003994543,31.875574088361404,29.938015428571433,36.084282,9.925854816849819,-0.00047166666748310604,-0.020702386803338756,-0.04413321540827286,-7.0900211378374265e-06,0.014960969150459302,0.00022383059792099492,-3.650080545153841,0.04412612538713503,-0.05207889132502652,-1.3465282860806047
Batch1_cell_019,Batch1,788.0,5.4C(70%)-3C,5.4,0.7,3.0,1.0886388,1.0870851,-0.0015537000000001022,-2.0336293995851352e-05,-1.0355845392700724e-05,0.0006629371766193869,0.016273927,0.01638364,0.00010971300000000087,33.05124443483438,30.135285021978028,37.49086,9.930555989010955,-0.00017500000042858233,-0.02010627482176973,-0.04589269342650848,2.1077895370541288e-05,0.015489827676437943,0.0002399347614457429,-3.619906827436836,0.04591377132187902,-0.27342366301306753,-1.275414778811915
Batch1_cell_020,Batch1,534.0,5.4C(80%)-5.4C,5.4,0.8,5.4,1.0757242,1.0612478,-0.014476399999999945,-0.00014945135531135723,-0.00013977618181817777,0.004083147977975924,0.015359907,0.015160209,-0.00019969800000000162,32.126769964969824,29.93218830769231,35.504932,9.027973278388265,-0.049701666666441824,-0.03279598300714768,-0.06358042689660326,1.8427258121377196e-05,0.02071959656250491,0.00042930168171296525,-3.367237410245857,0.06359885415472463,0.2416727657258108,-1.0727210228955246
Batch1_cell_021,Batch1,559.0,5.4C(80%)-5.4C,5.4,0.8,5.4,1.0858023,1.0767291,-0.009073200000000003,-9.035583054625644e-05,-8.178444155844591e-05,0.0026035155677663923,0.01505338,0.015144967,9.158700000000061e-05,33.108983859799515,30.216419516483516,37.595367,8.989637289377253,0.01800499999996319,-0.03065757711271063,-0.06472026276575493,-3.84488197064381e-05,0.02112666637798152,0.0004463360322465348,-3.3503380515995875,0.0646818139460485,-0.09016665223320545,-1.143082330048555
Batch1_cell_022,Batch1,891.0,6C(30%)-3.6C,6.0,0.3,3.6,1.0830258,1.0820541,-0.0009717000000000198,-1.7057273451189287e-05,-6.75583426098541e-06,0.0005728594088476201,0.016567849,0.016682273,0.00011442400000000186,32.852232837351465,30.040266923076924,37.758316,11.46397212454215,0.08312499999992617,-0.0147163713132086,-0.032147144008991324,-0.0001204832637033784,0.010566123034936408,0.00011164295598941377,-3.95216867314278,0.03202666074528795,-0.13520711281471587,-1.2783515190706514
Batch1_cell_023,Batch1,1014.0,6C(30%)-3.6C,6.0,0.3,3.6,1.0826545,1.0816909,-0.0009636000000001754,-1.5297888198762094e-05,-6.950910327772603e-06,0.0005149851408693616,0.016794458,0.016928671,0.0001342129999999976,32.00034414687629,29.80872817582418,36.165897,11.459366483516485,0.00020166666630139218,-0.013340620512360239,-0.029953516931757296,-0.00010798210767425907,0.009541203928808278,9.103457241110653e-05,-4.0407936433278895,0.029845534824083038,-0.14317440365637835,-1.2306058551197143
Batch1_cell_024,Batch1,1017.0,6C(40%)-3C,6.0,0.4,3.0,1.077704,1.0776314,-7.259999999997824e-05,-7.558493390664127e-06,2.024258503403737e-06,0.000490953133043205,0.016535342,0.016682969,0.0001476269999999974,33.38484421656355,30.495925857142854,37.596226,12.126660659340681,0.0002500000003546887,-0.013873507013282613,-0.03184213409789827,-0.0001502298216001583,0.010731705300813243,0.00011516949866350308,-3.938662523656534,0.03169190427629811,-0.3388631077441725,-1.2741881895082758
Batch1_cell_025,Batch1,854.0,6C(40%)-3C,6.0,0.4,3.0,1.0783457,1.0780438,-0.0003018999999999661,-1.0512616658699725e-05,5.12931354361571e-07,0.00046585809185942755,0.016555659,0.016688013,0.0001323540000000012,33.853505991842376,30.577033043956046,38.670872,12.136525805860803,-0.0829683333332163,-0.012406193052887388,-0.02944117289056547,-9.82594134391011e-05,0.009684018038400122,9.378020536805894e-05,-4.027888820540259,0.029342913477126368,-0.35793477555398934,-1.241394272937507
Batch1_cell_026,Batch1,870.0,6C(40%)-3.6C,6.0,0.4,3.6,1.0910354,1.0893713,-0.0016640999999999462,-2.4660891861760114e-05,-1.521046134818085e-05,0.0008160914655114259,0.016227074,0.016389275,0.00016220099999999724,33.16330819950574,30.381561923076923,37.077717,10.80199225274729,-0.08408000000005522,-0.01785015712562481,-0.03835445363245393,-0.00014281782944804285,0.012658726058558622,0.0001602433454256311,-3.7952199967853435,0.03821163580300589,-0.11706816411704102,-1.276669950462869
Batch1_cell_027,Batch1,842.0,6C(40%)-3.6C,6.0,0.4,3.6,1.0822893,1.0810226,-0.001266699999999954,-2.0381876094918566e-05,-1.0758799010519626e-05,0.0006646735823632432,0.01603435,0.016206481,0.00017213099999999898,33.90301764657023,30.72637672527473,38.178074,10.803581739926768,-0.00043666666642749874,-0.015514187146656106,-0.03583211964634625,0.0001835965536658858,0.011834458743150216,0.00014005441374332457,-3.8537032000559392,0.036015716200012135,-0.289518522296458,-1.2368251713034255
Batch1_cell_028,Batch1,860.0,6C(50%)-3C,6.0,0.5,3.0,1.0809715,1.0796947,-0.0012768000000000779,-1.5225352763173364e-05,-7.726680272115018e-06,0.00046959808687231576,0.016598588,0.016805848,0.00020726000000000078,33.783317850109555,30.62929326373626,38.303513,11.140097179487183,-0.0003150000006524323,-0.016698122755162716,-0.03721348031974192,-8.380384514080974e-06,0.01195760205782181,0.00014298424697322437,-3.844711807496199,0.03720509993522784,-0.14263301031252326,-1.2384823669741583
Batch1_cell_029,Batch1,917.0,6C(50%)-3C,6.0,0.5,3.0,1.0827931,1.0818107,-0.00098240000000005,-1.4454562828473083e-05,-5.212719851575346e-06,0.0004752434895261619,0.016485088,0.016644154,0.00015906600000000284,32.712959080800786,30.433158549450553,36.258759,11.150356593406572,0.082460000000113,-0.01660052342693117,-0.036868449881918286,0.00014622642198592996,0.012046451806721202,0.0001451170011316565,-3.8382817049630766,0.03701467630390422,-0.1376299629543945,-1.2785185818791822
Batch1_cell_030,Batch1,709.0,6C(50%)-3.6C,6.0,0.5,3.6,1.0833608,1.0814074,-0.001953399999999883,-2.5976043956036012e-05,-1.6368218923929572e-05,0.0007702651992604247,0.015945569,0.016130757,0.00018518799999999933,33.5489242218094,30.649895582417585,37.483994,10.124216007326032,-2.9999999847873937e-05,-0.017719122166801278,-0.04081538502439652,-5.329710878929265e-05,0.013416844644574263,0.0001800117202166411,-3.744699217898308,0.04076208791560723,-0.28519142358197414,-1.2269916421555167
Batch1_cell_031,Batch1,876.0,6C(50%)-3.6C,6.0,0.5,3.6,1.0981392,1.0953494,-0.0027898000000001755,-3.470540531931799e-05,-2.62010822510796e-05,0.0009711143436043589,0.016826145,0.016962912,0.00013676699999999944,30.379077738389338,30.006478978021978,31.658901,10.126856282051266,-0.08316833333398499,-0.017983588803246863,-0.03947820648424727,0.00024625150422956854,0.012916168081068958,0.00016682739789842456,-3.777732624088043,0.03972445798847684,-0.1107329282071041,-1.2421226847427718
Batch1_cell_032,Batch1,731.0,6C(60%)-3C,6.0,0.6,3.0,1.0810486,1.0793804,-0.0016681999999998975,-2.147387004299617e-05,-1.2776272108848686e-05,0.0006314077032524134,0.016101617,0.016290806,0.0001891890000000028,33.08931799720783,30.379508868131875,37.14436,10.131027032967076,-0.0829650000005735,-0.020730273837007356,-0.04556628526257467,-5.0009978621518e-05,0.015023400723607456,0.00022570256930208902,-3.6464634970703615,0.04551627528395315,-0.15565603118726556,-1.2794467204381479
Batch1_cell_033,Batch1,757.0,6C(60%)-3C,6.0,0.6,3.0,1.0961914,1.0937657,-0.002425699999999864,-3.1796946966077e-05,-2.1812165739027016e-05,0.0009074774672412864,0.016448634,0.016574621,0.00012598700000000101,33.68685615008,30.368518758241763,38.728722,10.13019761904764,0.08326000000015377,-0.021651569301358073,-0.044901781211682756,-5.389082774078465e-05,0.01467138795255144,0.00021524962445427153,-3.6670575975866413,0.04484789038394197,0.06483210727223937,-1.232742808603498
Batch1_cell_034,Batch1,742.0,7C(30%)-3.6C,7.0,0.3,3.6,1.0798281,1.0794187,-0.00040940000000011523,-1.0398015607580281e-05,-3.129647495333547e-07,0.0005219496126065496,0.016809396,0.016954124,0.00014472800000000022,32.67776155217216,29.99244921978022,37.240925,11.033024743589756,0.0832166666670684,-0.016080359430316875,-0.037218141748807665,0.00013834274344112118,0.011903972680340772,0.00014170456557429945,-3.848616157008837,0.037356484492248786,-0.15090116468663028,-1.1799001354514354
Batch1_cell_035,Batch1,703.0,7C(30%)-3.6C,7.0,0.3,3.6,1.0741303,1.0739936,-0.00013669999999987859,-5.950627488450408e-06,3.195320964752807e-06,0.0004567853504287303,0.016911812,0.017091474,0.00017966200000000057,32.10924118315372,29.816913681318685,36.075569,11.034964212454225,0.08304333333326319,-0.018223341654084003,-0.039152034335048436,-2.7439033630668216e-05,0.012992630636536802,0.0001688084508574747,-3.7726058155960294,0.03912459530141777,-0.09448727078656734,-1.2999242276573173
Batch1_cell_036,Batch1,704.0,7C(40%)-3C,7.0,0.4,3.0,1.081539,1.0802411,-0.001297899999999963,-1.628153049849124e-05,-7.183043908475764e-06,0.0005702953591102677,0.016346447,0.016568536,0.00022208899999999823,32.05637589574224,30.27587756043956,34.868446,11.556540054945067,0.00039166666707934894,-0.021042350858026748,-0.044621405961221994,-1.3523853786503152e-05,0.014630168521871536,0.0002140418309783608,-3.669501342595945,0.04460788210743549,-0.024120388445710857,-1.2877295595088147
Batch1_cell_037,Batch1,648.0,7C(40%)-3C,7.0,0.4,3.0,1.0783199,1.0768065,-0.001513400000000109,-1.9236196846627564e-05,-9.680958565245865e-06,0.0006557288309460177,0.016478464,0.016675115,0.00019665099999999908,32.970580505501694,30.245684978021973,36.993626,11.561057014652038,0.00042833333354685976,-0.019436824634916583,-0.044544784957630146,-0.00017811853868847618,0.014555614781623408,0.00021186592167101386,-3.673938893314921,0.04436666641894167,-0.2364758704805438,-1.2637732127261774
Batch1_cell_038,Batch1,617.0,7C(40%)-3.6C,7.0,0.4,3.6,1.0760679,1.0749754,-0.0010924999999999407,-1.8634390826566925e-05,-9.43712430427038e-06,0.0005309892579411022,0.016120763,0.016349318,0.0002285550000000018,33.7083853223586,30.441398428571436,37.995705,10.232226025641044,0.00023666666687205407,-0.026764193834967424,-0.05641559694699583,8.902719902493308e-05,0.019207724292146143,0.00036893667248310104,-3.4330481735466756,0.05650462414602076,-0.06381042216809991,-1.3483479281632569
Batch1_cell_039,Batch1,625.0,7C(40%)-3.6C,7.0,0.4,3.6,1.0856049,1.0847629,-0.0008420000000000094,-1.355503105589223e-05,-3.294477427340171e-06,0.00046148940399007467,0.016595514,0.01683517,0.00023965600000000128,33.518377207907015,30.336582890109895,38.024876,10.24095256410253,0.00020833333340597449,-0.024440041487006032,-0.053143954091811496,-6.723912969123124e-05,0.01769021616437019,0.00031294374794214435,-3.5045337204530713,0.05307671496212026,-0.15250233320646495,-1.2771898974933713
Batch1_cell_040,Batch1,966.0,8C(15%)-3.6C,8.0,0.15,3.6,1.0871686,1.0857353,-0.0014332999999999707,-1.8422352285391665e-05,-8.20486332715938e-06,0.0005683676588390407,0.01659501,0.016823037,0.0002280269999999987,33.466994147224064,30.269126076923076,38.388569,12.08827020146521,0.08356833333346003,-0.012628807847703542,-0.02909570881628587,-1.2058511917748113e-05,0.009384122046529119,8.806174658415386e-05,-4.0552127051547355,0.029083650304368124,-0.24850466403431062,-1.2414941194014208
Batch1_cell_041,Batch1,1051.0,8C(15%)-3.6C,8.0,0.15,3.6,1.0827476,1.0821686,-0.0005790000000001072,-9.669214843125774e-06,-1.3855287570256206e-07,0.00038233385392659675,0.016678508,0.016855884,0.00017737599999999992,33.07975773547041,30.23430705494506,37.576675,12.091806996337025,0.0830616666668611,-0.012358568562846162,-0.02850629135902205,2.218394459089346e-05,0.00920964766013866,8.481761002389751e-05,-4.071513969179501,0.028528475303612945,-0.2313563134021078,-1.2429492659603925
Batch1_cell_042,Batch1,702.0,8C(25%)-3.6C,8.0,0.25,3.6,1.0837516,1.0832821,-0.0004695000000001226,-7.099162286985007e-06,2.113598021033933e-06,0.0003262953336315009,0.016604628,0.016871214,0.0002665859999999992,33.59841781906345,30.34802504395605,38.397423,11.17802357142863,-0.08328166666675862,-0.020599210252813274,-0.04470964572873015,-0.0002104370037568757,0.014691701886352647,0.00021584610431745792,-3.6658557852690015,0.044499208724973274,-0.10769408431100164,-1.316241879856686
Batch1_cell_043,Batch1,651.0,8C(25%)-3.6C,8.0,0.25,3.6,1.0714344,1.0688359,-0.002598499999999948,-3.225106864150365e-05,-2.401481014224145e-05,0.0008796534542464738,0.015990974,0.016239306,0.00024833199999999694,33.34349274550026,30.2513779010989,37.725166,11.178613589743591,0.0011866666665198977,-0.019165626778476195,-0.044605890152637384,-3.940573486494126e-05,0.014659206551211425,0.00021489233671107995,-3.667779071634814,0.044566484417772445,-0.23725353594012397,-1.3026127286464544
Batch1_cell_044,Batch1,616.0,8C(35%)-3.6C,8.0,0.35,3.6,1.0882163,1.0847102,-0.0035061000000000675,-4.222089504697998e-05,-3.3615460729745583e-05,0.001135550242392995,0.017304897,0.017589169,0.0002842720000000021,32.56778256742335,29.956760549450546,36.804283,10.257643589743598,-0.08274500000043084,-0.02932909290131706,-0.05879707165403769,-0.0001624503544244773,0.019482738329137973,0.0003795770928016619,-3.42070000480644,0.058634621299613214,0.13907984932279321,-1.2892846015980648
Batch1_cell_045,Batch1,599.0,8C(35%)-3.6C,8.0,0.35,3.6,1.0875177,1.0858277,-0.0016899999999999693,-2.2526972447838818e-05,-1.2920053184917479e-05,0.0006784801283109259,0.016561555,0.016836088,0.0002745330000000004,33.01980626490123,29.918866,37.855122,10.258617820512795,-0.08309499999971592,-0.028866090521135736,-0.059403509916114317,0.00010571722070946006,0.019380004883475795,0.00037558458928354567,-3.4252922356988535,0.05950922713682378,0.11519776583282036,-1.2803924011639625
